date,1,2,3A,3B,4,5,6,7,8,9,10,11,12,13,14,15,16,17,18,19,20,21,22,23,24
01/01/2019,28.32,10.07,-4.08,,-9.91,-7.41,-12.55,-17.25,-15.07,-4.93,-6.33,-4.93,0.45,0.12,-0.02,0.00,-0.03,1.97,9.06,0.07,-4.97,-6.98,-16.01,-4.87,-28.93
02/01/2019,-33.57,-45.92,-48.29,,-33.60,-33.54,-17.79,-0.01,37.43,48.06,50.74,48.11,48.66,49.94,47.26,50.93,52.38,56.01,56.95,55.39,54.90,53.86,52.71,52.09,50.76
03/01/2019,42.91,45.22,48.31,,48.40,48.79,45.92,51.07,53.91,61.76,60.03,58.19,61.47,62.00,63.12,63.67,66.13,68.41,69.55,65.67,61.51,57.60,54.44,52.09,49.98
04/01/2019,49.87,47.97,47.07,,46.94,47.00,46.91,50.87,53.99,54.44,54.18,53.90,53.01,51.74,51.60,51.41,51.69,52.59,53.34,52.81,51.79,51.04,45.43,43.96,31.41
05/01/2019,26.90,25.12,24.12,,22.04,18.37,22.09,23.35,48.22,49.99,50.73,50.93,51.02,51.36,51.74,51.92,53.22,55.26,55.87,60.16,58.01,52.75,51.90,51.13,50.21
06/01/2019,50.29,49.03,48.81,,48.66,47.82,48.72,49.38,49.65,50.44,53.40,52.35,52.77,52.86,52.44,51.52,51.57,53.40,61.91,61.36,58.57,51.95,51.57,50.71,50.23
07/01/2019,48.62,47.98,47.84,,46.96,48.09,49.87,53.51,66.97,72.85,73.13,72.32,69.52,67.13,65.15,60.98,53.25,53.26,53.00,51.32,50.89,50.60,50.03,21.15,14.38
08/01/2019,17.94,20.91,7.78,,14.33,18.56,18.57,35.81,43.87,46.93,43.88,43.85,46.74,43.94,43.21,43.81,45.60,35.21,45.64,45.63,37.94,39.53,35.97,29.72,22.55
09/01/2019,20.04,7.24,3.43,,10.04,14.20,25.41,36.98,43.89,50.98,50.30,50.21,45.80,43.64,43.49,45.05,49.95,53.82,55.94,54.19,54.19,52.98,51.68,50.96,49.96
10/01/2019,50.51,49.98,49.55,,49.98,49.94,49.80,56.97,72.60,81.17,81.79,81.15,80.00,76.39,75.00,76.06,75.40,76.78,83.45,85.15,78.16,71.92,67.43,60.49,50.50
11/01/2019,47.84,46.58,45.74,,43.81,46.24,46.46,51.29,60.53,60.02,62.92,61.58,60.60,51.89,50.80,45.46,42.20,45.93,51.51,50.44,49.64,48.93,48.34,47.54,45.03
12/01/2019,47.24,45.88,44.61,,42.90,42.03,42.00,44.06,46.39,48.02,49.91,50.30,50.32,50.32,49.95,50.09,50.82,51.70,52.96,52.33,51.23,50.02,49.23,48.29,47.22
13/01/2019,44.01,44.02,37.03,,26.54,23.25,20.01,40.06,45.86,26.23,48.78,49.47,49.85,49.87,49.36,48.73,49.21,50.17,50.29,49.57,48.63,40.01,40.22,3.04,-7.28
14/01/2019,-3.14,-9.36,-15.03,,-11.09,-4.94,1.59,48.07,51.22,51.66,50.68,50.60,50.27,49.89,49.92,50.04,50.18,50.93,51.25,50.93,50.52,49.61,44.30,41.29,37.26
15/01/2019,37.67,36.70,37.06,,40.64,44.31,48.46,50.91,53.73,57.02,58.38,56.54,55.00,53.92,53.31,52.63,52.63,53.91,54.50,54.27,53.32,52.50,51.65,50.40,48.66
16/01/2019,49.48,49.01,48.91,,49.06,49.12,51.06,52.82,56.67,59.41,56.37,55.56,54.92,54.15,53.16,53.55,53.72,54.83,54.01,52.67,52.16,51.35,50.09,46.40,43.21
17/01/2019,31.44,30.59,36.54,,38.83,46.99,50.30,52.74,53.94,54.42,54.74,54.80,54.62,54.43,54.47,55.00,55.90,57.43,58.72,55.06,53.85,53.05,52.75,51.19,50.03
18/01/2019,51.16,50.47,50.12,,50.15,50.65,53.03,55.94,71.91,75.02,74.07,70.51,69.02,67.29,63.71,65.83,66.50,67.34,73.24,73.70,60.48,57.96,56.33,55.34,53.16
19/01/2019,53.76,53.18,53.41,,52.46,52.25,51.99,51.72,52.75,54.65,56.62,60.12,57.04,55.26,54.38,53.84,55.41,61.42,64.74,62.72,57.37,54.61,53.60,52.80,50.75
20/01/2019,51.00,49.73,50.00,,50.11,50.85,51.11,50.99,51.83,52.14,53.68,54.48,54.70,54.17,53.71,54.04,55.39,58.02,65.93,67.77,63.62,59.82,57.37,57.01,54.62
21/01/2019,54.94,53.10,52.10,,51.83,52.71,55.05,65.33,77.71,85.95,83.95,78.25,75.00,70.65,71.56,70.31,74.65,81.08,88.35,88.37,78.01,68.80,61.60,57.94,54.93
22/01/2019,54.64,54.05,53.52,,52.48,53.44,55.17,62.33,73.91,80.23,76.60,74.19,70.06,62.07,58.85,59.69,65.09,70.21,78.80,74.13,60.10,56.94,55.38,55.23,53.30
23/01/2019,53.20,52.62,52.14,,51.19,52.07,55.68,62.43,79.48,88.38,84.10,85.35,85.96,77.65,76.40,83.53,82.83,82.92,87.85,85.03,62.25,58.06,57.55,56.83,54.96
24/01/2019,55.98,55.80,55.57,,55.33,55.80,60.05,75.98,96.70,109.45,108.56,102.76,101.20,95.97,90.41,87.70,88.28,95.01,106.82,100.29,73.38,60.35,59.75,58.45,57.19
25/01/2019,57.32,56.47,55.95,,55.44,55.28,58.98,69.39,84.48,94.67,91.40,82.96,78.00,71.81,69.87,68.64,65.58,65.08,70.87,71.74,57.28,55.43,54.36,53.59,52.35
26/01/2019,51.91,51.52,50.98,,50.85,51.52,52.01,52.44,53.35,53.99,56.28,58.62,59.18,56.72,56.16,54.61,54.10,55.17,56.73,57.92,55.11,53.06,52.42,51.92,51.14
27/01/2019,51.48,40.46,20.83,,20.06,16.78,26.58,38.61,51.46,51.45,51.66,52.61,52.64,52.25,52.04,52.05,52.17,53.49,54.31,54.38,54.26,53.61,52.80,52.50,51.53
28/01/2019,51.02,50.51,50.32,,50.39,50.97,53.57,55.14,64.04,64.88,62.20,58.38,57.30,56.93,56.90,57.37,58.00,59.67,61.38,59.64,56.44,55.17,54.79,53.68,52.36
29/01/2019,51.31,50.69,50.59,,51.00,51.56,54.18,56.58,67.67,72.80,70.63,70.38,67.51,64.03,63.84,66.56,66.00,69.33,71.45,72.82,68.14,58.08,55.74,53.83,52.64
30/01/2019,51.46,51.12,50.69,,50.82,51.47,53.97,56.09,66.59,68.22,67.49,66.09,63.73,60.21,57.84,56.97,57.68,61.57,68.20,62.53,57.86,54.41,53.83,51.99,46.86
31/01/2019,47.17,45.47,45.43,,46.82,45.08,53.75,57.36,69.07,70.06,67.42,65.73,66.31,65.21,64.63,64.57,64.57,63.78,66.68,65.37,56.57,55.68,54.28,52.62,51.46
01/02/2019,51.31,50.47,50.03,,50.10,50.72,52.56,53.98,55.29,56.66,55.93,55.89,56.53,56.05,55.64,55.66,55.59,62.37,65.98,64.96,55.08,54.18,53.99,52.71,50.92
02/02/2019,50.04,48.67,48.10,,48.05,48.50,49.07,49.21,49.68,51.47,55.28,54.10,53.87,54.27,52.14,50.97,51.05,52.19,54.06,56.03,53.35,51.66,49.90,49.46,48.04
03/02/2019,48.50,47.55,47.10,,46.74,47.12,47.39,47.93,48.34,48.89,49.86,50.54,51.11,50.73,50.43,50.28,50.58,51.61,53.43,58.05,57.94,54.69,51.94,51.04,49.46
04/02/2019,50.18,50.05,49.82,,50.00,50.56,52.13,53.65,60.67,62.38,61.09,60.00,54.96,54.23,53.80,54.09,54.01,54.52,55.50,54.20,52.96,52.18,51.66,38.52,32.51
05/02/2019,34.49,36.71,38.42,,39.39,39.82,41.72,51.38,55.25,55.07,54.83,54.55,54.09,53.49,53.40,53.61,53.63,54.53,57.12,56.65,55.19,53.69,52.60,50.90,49.58
06/02/2019,49.33,49.03,48.92,,49.03,49.65,51.17,52.34,60.05,63.88,54.84,53.73,53.32,53.19,52.81,52.93,53.80,55.37,60.27,60.90,57.06,52.89,51.63,50.20,48.17
07/02/2019,47.39,46.32,45.84,,45.96,47.21,48.97,50.34,53.29,53.04,51.98,51.47,51.35,51.09,50.80,50.70,50.69,50.76,51.37,51.40,50.41,49.72,48.82,38.71,33.68
08/02/2019,32.73,33.24,32.57,,31.16,35.71,38.99,49.96,52.23,52.80,52.74,51.35,50.66,50.27,49.83,49.91,49.42,49.71,50.42,50.66,49.17,39.08,33.96,27.56,24.47
09/02/2019,0.02,0.08,-4.09,,-4.00,0.06,0.09,0.05,6.37,12.08,11.18,25.29,11.56,11.22,11.07,4.92,4.96,11.61,36.27,36.17,25.97,16.96,0.09,12.91,0.09
10/02/2019,22.88,16.16,16.02,,12.45,10.19,14.51,7.01,10.98,20.62,44.97,45.67,46.07,46.47,46.82,46.90,47.04,48.21,49.41,49.73,49.48,48.14,47.25,46.62,30.58
11/02/2019,31.57,5.68,-0.02,,-2.01,5.09,46.51,47.47,49.04,49.41,48.44,48.25,47.98,47.91,47.71,47.54,47.50,47.67,48.19,48.51,48.73,47.96,47.06,45.21,41.92
12/02/2019,40.69,38.01,38.02,,38.02,43.31,46.31,47.90,53.73,54.91,57.33,55.66,50.93,50.02,49.59,49.98,49.98,51.57,56.92,60.47,49.73,47.93,47.37,46.86,46.10
13/02/2019,34.14,37.21,36.29,,33.31,37.58,35.34,45.84,50.19,48.42,47.33,46.96,46.66,46.14,46.15,46.30,46.82,47.88,48.58,53.52,48.56,47.55,46.42,45.97,43.62
14/02/2019,41.75,39.15,39.85,,40.60,43.00,44.49,51.30,60.73,63.67,56.99,53.01,46.12,44.70,44.65,45.19,46.55,51.13,55.63,60.20,60.86,44.98,44.30,43.84,42.76
15/02/2019,42.70,41.18,40.35,,39.59,41.10,43.67,46.28,59.66,59.72,55.41,51.19,44.63,43.73,43.36,43.56,44.41,47.03,53.61,56.54,45.01,44.35,43.37,43.37,39.92
16/02/2019,35.42,35.19,36.00,,36.29,36.52,35.50,38.39,40.39,40.94,36.08,31.09,35.19,35.62,36.00,37.21,39.61,42.23,43.75,43.81,43.39,42.49,40.67,38.99,40.07
17/02/2019,36.76,35.46,37.24,,36.27,36.13,36.74,37.42,40.62,41.58,42.47,43.05,43.30,43.21,43.27,43.13,43.01,43.74,45.40,48.23,50.07,45.04,43.32,42.91,42.27
18/02/2019,40.38,38.78,38.78,,38.20,40.46,43.66,48.07,55.99,54.67,51.35,47.76,45.09,44.15,43.97,44.78,46.65,49.68,52.94,52.74,45.35,44.80,43.98,42.23,35.87
19/02/2019,36.09,35.43,35.42,,36.00,36.97,41.69,43.87,47.52,45.64,44.22,43.55,43.17,42.97,42.92,43.01,43.03,43.38,44.90,45.06,44.12,43.67,41.63,39.74,35.69
20/02/2019,35.20,34.05,32.95,,35.06,36.06,41.43,43.42,54.66,54.58,53.08,52.09,49.73,43.74,45.05,45.58,46.01,49.79,51.96,54.25,54.34,50.75,44.06,43.27,40.13
21/02/2019,37.13,36.00,35.49,,35.36,36.08,37.90,45.35,49.78,50.50,46.70,43.20,40.20,43.88,43.83,39.89,42.89,46.30,50.61,53.10,51.94,49.21,46.13,44.00,42.69
22/02/2019,42.25,41.20,40.82,,40.56,39.35,43.03,49.19,55.03,57.95,55.62,54.14,53.06,51.45,48.99,45.88,44.75,46.46,50.42,52.40,47.04,43.00,42.09,42.17,39.60
23/02/2019,38.04,36.54,36.06,,36.01,35.61,36.03,37.79,40.62,41.57,41.61,41.04,40.34,40.02,39.31,38.80,39.33,41.44,46.94,50.67,42.48,41.81,40.35,41.29,39.00
24/02/2019,37.82,36.96,36.97,,36.21,36.21,37.04,36.98,37.98,39.11,39.79,38.58,37.97,37.67,36.10,35.39,35.86,38.00,41.41,47.88,42.73,42.63,42.23,41.90,41.25
25/02/2019,38.70,37.02,37.00,,36.37,36.06,40.07,42.80,64.10,55.59,50.72,45.18,41.85,41.07,40.82,41.04,41.97,43.26,49.92,51.07,43.18,41.95,42.18,41.69,40.40
26/02/2019,37.10,37.00,36.84,,35.88,37.35,40.57,47.58,53.04,51.88,49.92,43.95,42.56,42.21,42.15,42.14,42.47,45.86,53.46,58.17,54.94,50.92,47.57,44.39,41.29
27/02/2019,40.98,39.42,38.58,,37.99,39.16,41.09,42.74,51.84,49.83,48.41,43.74,41.11,40.02,39.90,40.36,40.92,42.59,43.34,43.42,42.56,41.32,41.23,40.95,36.21
28/02/2019,34.05,30.41,29.80,,27.61,28.96,33.95,41.43,44.89,46.33,42.70,42.47,41.49,41.38,41.45,41.61,41.70,42.73,48.03,50.96,50.97,48.54,44.20,43.21,41.44
01/03/2019,41.46,40.85,40.69,,41.02,41.92,43.39,45.30,47.98,49.99,50.28,51.15,50.97,48.56,47.40,46.91,45.97,46.93,50.79,52.59,52.49,48.66,46.53,45.65,44.41
02/03/2019,44.19,43.28,41.09,,39.49,39.59,39.97,41.42,43.92,46.33,45.38,45.17,44.37,43.90,40.21,39.26,39.18,40.97,43.78,44.88,43.22,40.47,32.07,30.52,25.34
03/03/2019,38.89,36.90,1.84,,0.09,0.07,38.86,37.33,39.12,40.21,41.03,41.42,40.99,40.65,40.23,39.87,39.68,40.29,41.79,42.92,43.12,42.68,41.62,40.94,40.32
04/03/2019,0.11,-0.21,-6.86,,-7.00,-2.47,6.24,42.14,42.94,44.03,44.40,44.30,43.79,42.95,42.87,42.83,42.85,42.88,43.22,43.10,43.02,25.98,21.10,10.06,-2.39
05/03/2019,-0.08,-2.39,-4.95,,-1.92,-2.23,11.23,33.49,44.24,44.68,44.73,44.71,44.39,43.99,43.79,43.77,44.38,46.09,49.27,55.01,52.57,47.74,46.41,44.75,42.79
06/03/2019,43.07,42.75,42.51,,42.58,43.44,44.81,45.48,47.53,47.79,47.80,47.41,46.84,46.32,46.07,45.63,45.04,45.35,45.73,45.88,44.98,43.99,43.03,29.55,27.49
07/03/2019,25.05,24.64,34.45,,38.05,40.86,43.11,44.79,47.02,47.88,47.61,47.45,46.69,45.91,45.54,44.91,44.42,43.99,44.70,45.02,45.01,41.68,37.91,32.03,21.15
08/03/2019,22.31,20.07,20.09,,24.50,33.58,38.03,40.78,42.30,42.06,41.78,41.45,40.82,23.35,23.48,25.38,33.71,39.29,42.13,44.07,43.90,41.58,40.57,39.24,30.61
09/03/2019,27.67,15.40,4.24,,0.07,0.06,0.03,-0.04,0.13,10.05,8.54,7.83,11.03,1.32,0.04,-0.08,-0.82,0.08,11.96,33.90,25.08,21.62,11.96,13.37,0.72
10/03/2019,-4.97,-11.15,-12.55,,-2.89,-2.60,0.07,13.78,38.96,38.35,39.09,39.90,40.17,38.76,39.75,39.91,39.27,41.34,43.51,44.36,44.08,42.89,41.57,41.24,38.11
11/03/2019,40.78,39.35,39.52,,40.32,42.16,43.96,45.63,47.96,49.11,48.09,47.05,46.30,45.70,45.43,45.05,44.87,45.00,46.56,50.02,48.94,47.73,46.38,46.08,44.01
12/03/2019,42.69,42.23,42.16,,41.99,42.81,44.19,46.83,52.05,52.07,49.80,48.66,47.33,46.18,45.28,44.96,44.69,44.55,44.76,45.10,44.93,33.01,37.00,23.87,0.36
13/03/2019,10.05,22.54,26.40,,34.03,37.01,40.30,42.13,43.69,44.34,44.18,43.82,43.47,43.16,42.96,42.90,42.90,43.13,43.94,44.35,43.98,42.38,41.27,39.16,37.70
14/03/2019,24.17,22.25,25.00,,35.03,37.55,41.00,41.89,43.93,45.03,44.70,44.25,43.62,43.44,43.06,42.94,42.92,42.94,43.72,44.30,43.65,42.93,42.07,41.32,40.40
15/03/2019,41.06,40.31,40.43,,40.89,41.23,42.09,43.12,44.99,45.17,44.95,44.65,44.23,43.88,43.50,43.14,43.02,43.12,43.35,43.71,42.94,32.06,17.19,0.07,10.79
16/03/2019,5.07,-2.36,0.01,,-1.96,2.02,2.33,9.97,21.59,27.93,34.18,41.80,41.41,40.14,38.57,38.57,40.28,41.15,42.01,42.90,42.32,41.33,41.06,40.65,38.54
17/03/2019,-2.30,-3.34,-9.33,,-13.53,-6.23,-9.90,-11.37,-6.61,-2.41,1.81,2.60,2.59,2.55,-2.33,-2.38,-2.32,-2.29,10.52,28.87,36.66,30.64,23.34,25.94,17.22
18/03/2019,17.65,12.86,14.27,,14.45,6.03,22.51,42.64,44.91,44.22,43.21,42.88,42.44,42.33,42.32,42.16,42.09,42.19,43.04,44.65,45.03,44.25,42.96,41.70,36.77
19/03/2019,39.08,38.49,37.45,,36.47,40.39,42.76,45.46,51.27,54.38,49.69,46.31,44.93,44.38,43.95,43.75,43.88,44.61,48.96,55.17,59.27,50.87,45.35,43.71,42.09
20/03/2019,40.88,36.30,35.05,,34.33,34.69,38.26,42.59,46.89,43.85,42.88,42.13,41.54,41.07,40.93,41.03,41.36,42.10,45.49,48.94,43.83,43.14,43.13,42.97,39.76
21/03/2019,36.94,34.70,33.51,,33.04,33.10,38.84,41.12,43.10,44.91,41.28,40.08,39.41,35.43,34.50,34.61,36.81,39.85,42.82,46.70,41.72,40.99,41.49,41.94,39.28
22/03/2019,39.00,35.95,36.69,,36.39,38.17,40.53,45.44,50.98,49.20,44.15,41.73,40.59,40.07,39.33,38.68,38.48,39.17,44.05,46.91,40.76,40.22,39.99,39.90,37.12
23/03/2019,35.53,34.94,34.90,,33.10,33.05,34.60,36.64,38.86,38.43,37.38,34.53,31.95,29.82,29.06,28.25,29.52,31.38,37.00,40.68,39.97,40.01,39.10,39.25,37.93
24/03/2019,39.15,36.05,34.45,,33.61,33.85,34.20,34.32,34.98,36.60,35.81,33.78,32.01,31.10,25.54,25.69,30.60,31.57,34.85,39.21,40.45,39.25,36.42,34.47,29.99
25/03/2019,24.34,22.50,23.01,,20.89,21.57,28.97,39.42,41.55,42.95,41.90,41.20,40.74,39.98,39.73,39.40,39.32,39.50,40.35,41.71,46.45,42.35,40.33,39.99,37.56
26/03/2019,33.25,30.79,30.07,,30.01,30.03,32.50,39.00,42.80,42.75,35.90,32.54,32.58,40.91,41.08,40.65,40.91,41.43,43.71,48.05,49.40,46.41,43.37,42.28,38.42
27/03/2019,36.62,34.81,34.27,,33.37,34.14,37.83,41.00,46.00,45.91,43.94,41.48,40.61,40.00,39.58,38.75,39.47,39.18,41.49,44.17,47.91,43.99,41.22,40.83,36.92
28/03/2019,32.73,33.67,33.38,,33.29,33.12,36.67,44.48,49.13,48.79,46.78,44.12,43.36,42.54,42.39,43.06,44.09,44.47,46.98,48.16,52.77,46.61,43.48,42.38,39.32
29/03/2019,39.28,34.10,34.44,,34.47,34.99,38.04,43.08,48.44,47.62,43.07,38.20,34.49,33.43,32.87,32.40,33.13,36.01,44.00,40.27,39.67,39.93,37.82,37.30,37.41
30/03/2019,37.49,36.68,34.36,,34.61,36.08,35.02,33.51,33.23,34.93,33.17,31.63,29.24,28.77,25.92,25.45,29.25,32.02,36.48,37.43,37.24,35.09,33.68,30.97,26.80
31/03/2019,30.70,28.88,,,25.07,22.47,24.90,26.96,31.24,33.07,32.78,28.82,25.17,25.15,10.46,1.11,1.48,11.51,26.73,34.68,37.98,41.80,39.08,40.30,37.51
01/04/2019,31.06,29.96,31.07,,31.84,32.40,37.61,46.69,56.95,53.56,45.95,42.20,40.07,39.20,38.98,37.20,36.93,37.79,38.43,40.62,45.10,45.06,39.41,35.80,30.65
02/04/2019,29.11,26.93,25.43,,25.16,27.52,34.73,39.63,42.73,42.16,40.50,39.40,38.69,38.28,37.39,35.05,34.68,34.82,36.78,39.03,39.57,38.58,36.40,31.38,27.69
03/04/2019,31.90,31.50,31.08,,31.19,32.57,36.00,41.17,49.07,52.42,54.72,49.47,47.99,45.01,43.11,41.77,41.48,41.73,42.68,45.44,51.32,52.34,44.08,39.10,36.58
04/04/2019,35.60,35.12,33.00,,32.59,34.13,36.86,44.67,53.64,59.86,46.92,48.00,47.00,40.85,41.32,38.59,38.30,38.10,40.08,45.23,50.50,48.93,43.81,38.49,36.80
05/04/2019,35.36,35.47,34.49,,33.76,36.17,38.63,44.84,53.16,58.67,53.64,46.58,44.01,41.18,40.08,38.64,38.34,38.64,40.96,44.35,47.23,46.94,40.46,39.48,39.16
06/04/2019,41.12,39.86,38.31,,36.10,36.13,37.27,39.20,42.03,44.06,46.51,42.72,40.91,34.56,34.10,35.94,35.97,37.43,35.05,41.28,42.91,41.88,39.99,39.21,36.22
07/04/2019,38.61,38.51,38.05,,38.03,38.64,38.66,38.32,39.43,40.51,40.66,39.66,39.54,39.19,38.88,38.56,38.35,38.29,38.16,40.88,46.65,49.65,46.27,42.04,41.65
08/04/2019,38.84,37.70,36.73,,36.30,37.20,41.60,42.59,44.43,44.84,44.49,44.17,42.98,42.35,41.85,40.42,40.17,40.76,41.81,43.10,43.95,43.25,42.38,41.01,38.36
09/04/2019,33.24,34.10,34.74,,34.86,34.91,40.79,44.15,50.51,51.90,47.03,45.61,44.40,43.15,42.29,40.90,40.68,41.48,42.06,43.53,47.01,44.47,42.70,42.07,40.06
10/04/2019,37.51,37.18,36.54,,35.78,39.88,42.26,44.37,53.13,56.08,49.38,46.15,44.50,43.88,43.53,42.41,42.43,43.46,44.01,45.09,47.20,46.97,44.26,43.65,42.01
11/04/2019,42.47,41.94,41.90,,41.96,42.30,43.92,47.91,56.40,60.70,52.97,49.75,47.50,49.93,48.67,45.96,45.28,46.05,46.27,47.69,54.02,52.99,49.02,47.20,45.11
12/04/2019,44.00,43.68,43.59,,43.70,44.19,45.92,47.52,58.98,60.08,51.55,48.97,46.99,45.95,45.20,44.15,43.57,43.61,44.00,45.72,48.43,48.08,45.36,44.72,43.83
13/04/2019,44.78,43.89,43.41,,43.09,43.32,43.30,43.88,44.99,46.14,45.90,44.65,44.04,43.82,43.45,43.18,42.96,43.02,43.46,44.13,44.99,45.27,44.11,42.96,41.47
14/04/2019,40.25,38.07,38.04,,38.06,39.18,39.49,38.28,38.18,40.36,39.76,37.10,36.40,34.89,33.87,29.75,28.97,31.26,35.04,41.87,44.70,45.62,44.41,38.59,38.11
15/04/2019,35.58,37.11,37.17,,38.90,42.18,45.10,47.73,58.76,60.33,47.29,45.88,44.81,44.47,44.31,43.85,43.62,43.88,44.45,45.88,49.27,48.56,45.70,43.98,34.97
16/04/2019,43.17,43.05,43.04,,43.18,43.50,44.17,46.22,52.06,52.21,46.62,44.72,44.42,44.16,44.17,43.83,43.58,43.58,44.50,49.74,47.46,47.22,47.69,44.16,41.94
17/04/2019,33.50,32.99,35.02,,35.02,35.36,39.08,45.68,50.43,52.23,50.40,48.01,39.72,38.60,43.27,42.98,42.91,41.34,38.73,46.09,49.49,48.09,44.83,41.03,40.82
18/04/2019,42.73,42.59,42.57,,42.71,35.06,38.07,47.82,51.95,55.31,49.93,44.57,40.39,37.71,42.30,42.20,42.09,42.07,42.68,44.01,49.31,45.35,44.23,43.19,41.39
19/04/2019,38.83,38.10,37.97,,38.03,37.07,40.75,41.67,42.68,43.83,43.73,42.97,42.76,42.28,41.93,41.40,40.99,41.79,42.22,42.97,43.68,43.20,44.09,43.88,41.62
20/04/2019,42.45,40.96,40.46,,40.75,41.26,40.13,40.46,41.42,42.67,42.99,42.88,42.01,41.50,40.99,40.71,40.18,40.46,41.16,43.33,46.92,44.61,43.41,42.50,41.37
21/04/2019,37.86,34.86,32.10,,32.09,34.04,33.92,34.96,35.01,40.36,41.84,41.44,41.19,40.78,39.67,37.40,33.16,35.01,39.58,41.85,46.23,46.08,44.16,41.38,39.27
22/04/2019,35.02,30.08,30.05,,30.06,30.02,31.41,36.81,39.29,40.79,41.12,41.44,41.08,40.47,10.25,38.90,39.16,22.73,40.70,22.25,21.66,22.18,2.98,0.03,-15.08
23/04/2019,-1.72,-6.95,-9.64,,-11.03,-9.56,6.84,41.36,43.66,43.99,43.37,16.47,0.03,-9.98,-9.97,-4.49,0.13,13.08,31.56,38.58,41.11,40.68,36.37,29.37,23.71
24/04/2019,2.18,4.09,3.93,,3.55,5.35,21.69,40.10,43.18,43.85,41.97,40.96,39.84,38.63,36.96,33.03,35.19,36.69,40.86,44.91,42.56,42.28,41.40,38.10,31.00
25/04/2019,27.44,26.10,27.22,,28.65,31.30,38.82,43.20,49.60,48.21,44.41,42.32,41.15,40.80,40.68,40.23,40.13,40.27,41.21,46.22,57.49,59.90,47.78,41.20,39.04
26/04/2019,37.00,35.00,33.53,,34.88,36.31,40.06,44.39,52.31,55.03,52.94,49.93,46.94,43.56,42.56,41.30,41.51,42.10,45.08,45.00,49.06,49.66,46.41,41.97,37.05
27/04/2019,32.02,30.10,29.05,,28.04,27.43,26.76,27.02,31.99,37.22,38.04,38.02,37.57,33.92,31.55,30.89,30.98,32.04,33.92,38.02,39.92,39.25,37.63,36.36,31.57
28/04/2019,31.24,29.05,30.00,,29.00,29.53,29.96,30.71,31.66,32.05,34.41,34.48,35.53,32.60,31.44,30.40,29.77,31.74,35.51,41.68,45.32,47.75,46.07,42.05,41.67
29/04/2019,38.53,36.22,35.57,,35.01,34.18,36.57,46.82,52.77,56.71,51.30,46.99,45.61,44.06,43.00,40.67,39.41,39.90,42.40,44.97,47.08,47.81,46.81,44.86,38.43
30/04/2019,34.00,36.07,35.00,,35.24,34.44,37.04,45.62,52.14,60.00,51.47,47.43,44.85,41.84,41.25,40.12,40.02,40.11,41.30,47.09,54.40,51.76,48.71,46.28,43.41
01/05/2019,38.00,35.20,32.64,,31.16,29.56,29.72,27.51,27.60,30.90,29.40,28.88,28.65,21.12,4.90,-2.46,-2.82,1.98,19.61,29.65,34.51,37.25,33.20,33.68,12.78
02/05/2019,13.04,5.06,5.01,,0.47,2.73,6.74,41.21,40.26,41.21,40.86,39.70,37.32,31.42,31.90,34.32,37.00,37.48,39.85,40.07,40.67,41.48,41.71,41.11,40.37
03/05/2019,33.29,34.90,33.60,,32.48,33.10,35.96,41.95,46.99,50.10,47.94,46.90,41.93,41.79,39.84,36.66,35.61,35.47,38.89,42.01,43.96,44.57,44.92,42.29,41.70
04/05/2019,39.72,36.77,35.56,,34.90,34.98,34.51,35.59,40.87,45.00,45.07,43.62,42.65,40.56,36.98,34.95,33.00,32.68,40.49,41.65,44.87,44.81,45.50,45.92,44.30
05/05/2019,35.19,32.02,29.04,,28.90,29.04,27.94,28.05,29.01,30.70,30.29,28.46,28.73,28.09,26.40,16.12,15.71,21.72,30.70,32.44,38.47,41.32,41.31,42.34,39.71
06/05/2019,37.90,34.99,34.92,,33.34,33.07,36.35,45.85,51.63,48.84,45.22,44.75,45.04,44.40,44.19,42.08,41.09,41.16,43.87,47.19,54.40,56.14,56.14,55.00,42.81
07/05/2019,42.32,40.98,40.80,,40.03,40.03,42.71,51.59,60.16,63.90,57.53,50.61,51.20,47.61,48.94,48.00,46.77,47.10,48.94,57.45,64.99,68.61,55.00,50.98,45.00
08/05/2019,44.18,39.03,35.96,,40.70,40.18,41.41,44.33,49.44,49.02,46.20,44.66,43.50,42.97,42.62,42.07,41.38,40.66,41.10,37.35,39.19,39.61,38.01,35.24,32.58
09/05/2019,33.92,32.01,30.26,,30.69,33.10,37.07,45.99,49.92,54.66,52.19,49.95,49.93,49.05,47.76,45.76,45.33,45.54,49.71,49.98,55.05,55.24,49.90,49.07,44.00
10/05/2019,40.10,38.83,37.54,,37.25,37.17,39.02,47.63,54.58,56.17,53.07,49.82,46.93,42.70,37.50,37.10,37.06,37.38,42.70,48.90,50.48,51.98,51.45,51.22,43.19
11/05/2019,44.06,40.00,37.94,,36.52,37.16,36.83,37.48,39.11,42.17,43.00,40.96,40.67,36.85,36.22,33.41,32.09,32.09,34.70,37.36,39.90,37.88,37.61,37.26,35.02
12/05/2019,35.78,29.56,26.70,,22.66,20.91,20.40,23.64,23.04,26.79,20.34,9.93,8.05,9.48,-0.51,-15.06,-19.93,-8.54,9.91,30.34,36.92,40.00,40.87,41.92,36.02
13/05/2019,35.69,29.74,29.37,,29.41,30.43,35.73,46.16,53.01,53.01,47.26,42.27,36.70,40.71,41.03,41.44,41.40,41.38,41.96,43.60,48.95,48.96,47.61,46.88,41.26
14/05/2019,38.34,35.83,40.78,,40.87,37.38,40.95,49.62,58.75,61.38,59.60,57.51,50.35,47.70,50.30,42.82,42.18,41.95,42.33,49.29,49.28,48.45,48.36,45.19,40.36
15/05/2019,37.10,38.92,40.02,,40.08,34.99,37.11,46.65,57.13,61.75,59.60,56.66,56.10,46.20,49.84,43.68,42.49,42.15,42.46,48.82,48.21,44.37,43.23,43.50,38.91
16/05/2019,34.50,34.50,34.01,,32.07,33.09,35.05,42.70,47.21,49.30,45.06,44.23,43.93,41.70,39.97,38.87,37.97,35.90,39.05,40.97,42.80,41.58,41.38,40.83,36.79
17/05/2019,35.70,35.18,34.25,,33.79,34.00,36.09,41.13,47.06,51.13,49.17,46.27,46.03,44.86,41.60,39.15,38.49,39.04,42.53,48.53,52.92,52.90,49.25,48.32,43.47
18/05/2019,37.37,34.39,34.85,,34.11,34.76,33.42,33.92,36.24,38.99,38.76,38.28,37.23,36.26,33.05,32.36,33.25,34.10,35.36,43.09,45.08,45.17,44.75,44.96,42.00
19/05/2019,39.66,36.02,35.00,,34.03,34.30,34.03,33.37,34.04,36.23,36.80,37.18,37.88,37.40,36.83,36.25,35.85,36.22,37.13,38.91,41.65,42.34,41.71,43.33,38.94
20/05/2019,37.30,35.00,34.55,,34.13,33.77,38.13,46.91,60.87,63.22,57.73,56.63,55.50,51.99,50.29,47.59,46.01,45.10,46.09,47.91,49.39,46.18,45.80,43.25,38.59
21/05/2019,35.20,34.44,33.12,,31.49,32.37,35.38,40.81,50.08,57.61,55.00,52.52,51.15,49.85,46.27,44.25,42.65,41.86,44.38,45.95,46.96,44.87,44.11,42.57,36.35
22/05/2019,32.66,32.50,29.66,,29.00,29.61,33.09,39.78,46.60,50.35,48.37,45.77,42.41,41.12,40.44,39.86,38.65,38.69,40.03,41.82,47.47,47.81,48.14,48.45,41.16
23/05/2019,34.94,32.52,31.59,,31.08,31.74,35.72,40.80,46.77,47.06,40.86,39.06,38.63,38.22,38.17,38.76,39.01,39.23,42.00,48.55,52.38,54.04,50.82,48.23,44.19
24/05/2019,37.54,35.14,34.28,,34.10,33.95,35.99,43.71,49.90,50.95,45.94,43.78,39.54,38.24,37.04,36.52,36.29,36.72,37.82,40.47,42.86,39.82,39.47,38.86,37.95
25/05/2019,38.10,36.26,35.07,,34.03,33.84,33.09,34.05,35.11,37.70,37.50,36.37,35.90,35.37,34.18,33.09,32.39,33.14,35.11,36.56,37.80,36.99,36.82,36.53,35.61
26/05/2019,35.53,32.75,29.44,,28.59,23.06,18.40,14.63,18.65,24.58,22.61,18.69,19.93,19.96,25.02,24.95,26.92,33.00,35.03,35.42,36.63,37.16,36.59,36.37,33.53
27/05/2019,18.67,12.86,12.20,,14.09,19.18,29.23,37.32,46.45,43.35,42.37,39.74,39.27,38.03,38.00,37.40,37.08,36.63,38.51,41.57,39.85,39.98,41.47,39.76,37.44
28/05/2019,33.26,33.42,33.14,,33.72,28.05,35.32,45.71,55.78,63.04,58.51,50.48,47.24,43.87,44.59,41.92,38.39,38.40,38.99,38.94,38.93,38.36,38.40,38.65,34.07
29/05/2019,34.40,33.07,30.57,,30.97,32.05,33.27,42.87,49.00,50.87,47.92,46.41,45.00,40.89,39.90,39.92,38.29,40.53,45.52,50.27,53.43,53.92,47.76,40.77,34.55
30/05/2019,16.98,28.41,22.89,,11.44,4.52,5.06,3.83,8.89,10.44,4.50,0.24,2.15,2.23,0.03,0.10,2.24,7.18,25.10,30.14,35.01,35.84,36.79,37.87,36.69
31/05/2019,32.02,29.49,27.08,,27.19,27.95,29.07,35.00,41.05,41.49,39.78,37.00,35.63,34.82,32.77,30.00,29.14,29.79,37.67,41.03,46.38,48.23,45.67,43.98,40.00
01/06/2019,33.63,31.03,28.23,,27.62,25.53,23.14,25.80,27.55,29.61,28.68,26.42,25.28,26.69,22.40,18.33,24.71,27.57,29.09,36.95,40.15,41.01,38.41,40.36,37.60
02/06/2019,28.54,29.00,29.11,,28.03,27.79,25.20,24.79,23.31,25.22,29.91,30.94,30.07,24.97,20.00,16.34,20.03,24.17,31.28,32.49,36.21,37.71,36.09,36.94,29.85
03/06/2019,26.57,23.34,20.78,,19.97,19.64,24.04,40.62,44.92,45.02,41.81,39.36,37.71,36.25,35.46,35.23,35.68,35.69,42.97,45.42,50.50,48.98,48.35,45.96,41.40
04/06/2019,34.74,32.99,31.86,,31.21,32.83,33.91,42.95,50.29,55.43,46.93,42.24,41.00,37.56,36.50,35.19,34.47,36.65,42.92,45.13,46.17,44.72,38.28,33.83,28.01
05/06/2019,26.82,25.23,19.96,,16.13,6.08,20.41,32.52,43.44,44.99,43.97,41.38,40.46,38.85,36.32,36.19,38.01,39.00,43.45,48.28,56.52,49.41,43.68,34.57,32.09
06/06/2019,28.50,26.50,24.64,,24.03,24.06,26.22,32.16,33.43,33.72,33.50,33.02,32.54,31.27,30.98,30.98,30.92,30.91,31.87,32.10,37.20,37.20,43.69,41.55,31.42
07/06/2019,29.82,29.34,29.15,,29.43,32.09,32.49,57.33,73.75,66.98,45.93,37.21,33.39,30.09,28.39,27.73,27.45,28.66,31.27,39.92,42.04,40.07,33.00,30.04,26.25
08/06/2019,10.42,12.68,11.74,,5.99,3.85,3.66,3.99,10.40,11.85,16.62,13.76,15.85,13.98,11.54,6.55,9.57,9.65,10.71,10.45,10.23,5.53,3.53,2.29,1.63
09/06/2019,4.54,2.42,1.85,,0.83,0.51,0.86,1.92,2.90,11.00,10.47,5.28,12.26,14.96,13.58,14.93,17.94,24.68,31.90,44.38,48.77,50.53,47.15,41.12,35.60
10/06/2019,33.32,28.84,27.78,,27.00,27.01,25.83,26.84,30.03,33.54,30.92,30.06,29.55,28.69,27.13,27.30,27.45,28.08,30.92,36.48,39.04,39.85,34.50,33.57,31.68
11/06/2019,28.73,28.27,27.37,,26.27,25.68,11.61,42.06,46.25,51.58,48.83,51.46,52.73,46.24,44.62,44.00,45.36,48.60,54.64,59.38,56.10,50.08,46.16,33.19,32.09
12/06/2019,32.91,31.93,31.31,,30.95,30.28,27.99,47.82,56.51,62.61,57.49,51.91,50.54,45.98,42.91,39.05,33.00,35.34,42.14,48.50,51.44,50.56,47.70,44.64,38.70
13/06/2019,3.06,10.01,15.65,,24.02,22.70,24.09,37.45,48.01,44.49,36.42,32.90,30.58,29.36,28.73,29.56,30.03,31.11,33.68,50.09,64.24,76.50,62.61,47.56,41.03
14/06/2019,29.42,28.82,27.32,,27.08,27.09,28.61,40.25,52.94,59.61,49.04,42.91,41.01,34.90,33.02,33.28,34.06,36.34,49.02,58.28,64.69,58.94,50.45,43.54,37.94
15/06/2019,28.13,29.14,28.29,,27.36,26.60,25.14,25.83,27.91,28.93,29.56,30.13,27.47,25.38,24.93,23.54,23.64,24.32,28.27,29.62,29.72,29.63,29.40,29.57,29.23
16/06/2019,21.86,27.52,26.05,,25.39,25.07,23.88,23.89,26.93,28.35,28.04,27.44,27.98,27.17,23.92,23.10,24.65,25.78,30.71,38.20,44.84,47.95,51.60,48.05,40.91
17/06/2019,33.06,30.28,29.96,,29.48,29.28,30.95,45.79,50.80,49.02,39.19,34.64,33.70,33.99,35.16,34.76,35.50,36.64,44.97,57.06,70.10,69.52,58.24,45.53,31.14
18/06/2019,17.77,30.23,29.88,,29.77,29.62,22.06,39.68,51.74,49.75,43.74,39.92,38.90,37.12,36.10,36.06,38.37,42.92,47.74,51.96,66.16,67.12,53.20,47.06,37.08
19/06/2019,34.12,31.15,30.85,,30.86,30.93,33.28,43.07,54.43,58.64,49.28,42.98,40.81,37.01,36.93,36.29,36.09,34.91,42.91,49.94,53.17,51.07,45.64,40.08,34.99
20/06/2019,30.75,30.23,29.87,,28.71,28.54,29.11,30.93,36.09,39.68,36.91,35.69,36.98,36.08,34.09,33.17,33.93,33.54,36.71,39.62,44.82,51.96,50.00,46.63,39.28
21/06/2019,34.30,32.17,31.92,,33.00,33.42,34.02,40.72,46.42,47.09,44.41,43.93,41.04,36.21,33.53,32.41,31.02,30.61,30.42,40.79,44.54,42.04,42.23,31.30,30.97
22/06/2019,33.63,30.82,29.99,,29.92,29.30,29.06,29.91,32.57,34.85,31.98,31.06,29.98,29.97,28.55,28.45,28.69,29.96,33.15,34.73,37.91,35.38,32.63,34.03,29.58
23/06/2019,28.10,26.76,26.02,,25.33,21.81,21.81,21.19,21.89,25.78,25.72,25.37,24.17,22.04,21.80,22.14,23.30,26.48,27.03,28.75,35.61,36.35,31.89,34.19,28.19
24/06/2019,26.97,25.68,24.00,,24.60,22.22,25.97,35.24,47.95,42.78,36.24,33.75,33.47,33.46,33.03,32.82,32.22,32.78,35.34,45.06,56.78,54.01,40.92,34.30,28.82
25/06/2019,25.24,24.78,23.70,,23.65,22.86,27.29,33.50,43.91,49.18,40.96,37.77,36.45,34.92,33.80,33.90,34.91,36.93,49.22,61.53,74.80,68.87,60.43,31.64,30.32
26/06/2019,31.49,31.59,31.43,,31.30,30.52,30.87,44.45,59.82,60.08,48.44,38.09,36.70,35.08,33.09,31.88,30.89,30.71,33.45,35.16,30.73,30.04,29.36,27.82,15.84
27/06/2019,23.24,23.86,22.46,,21.32,16.47,23.37,28.62,42.25,42.10,36.50,34.56,34.47,31.97,30.93,30.91,31.31,31.94,35.98,41.90,54.11,52.23,44.02,32.20,30.27
28/06/2019,26.04,30.25,30.05,,29.86,28.66,29.40,48.22,61.98,61.66,49.28,43.99,39.53,36.75,34.33,33.89,33.10,34.40,39.04,54.13,66.53,66.06,54.73,48.54,39.05
29/06/2019,34.11,30.63,29.29,,28.72,28.63,27.87,29.19,30.44,29.15,30.15,28.07,28.01,28.01,25.82,25.06,25.19,26.39,30.18,40.00,52.46,56.23,49.95,41.03,35.61
30/06/2019,30.41,26.90,21.55,,17.13,14.92,10.16,12.68,15.03,21.35,22.23,23.13,23.63,24.23,23.58,21.03,0.04,0.02,20.05,28.83,27.26,27.46,27.94,27.98,27.75
01/07/2019,27.49,25.39,24.22,,24.07,25.07,26.03,27.70,29.67,31.97,32.00,31.15,29.91,28.52,27.39,27.25,27.00,26.72,27.50,28.04,27.89,27.67,27.29,27.15,26.08
02/07/2019,24.99,24.09,22.73,,21.53,20.57,21.36,24.29,26.86,27.49,28.48,28.82,29.79,28.11,28.84,28.82,28.89,29.00,30.22,29.16,30.96,30.95,30.43,29.98,27.61
03/07/2019,26.12,25.70,25.37,,25.15,25.33,26.73,30.15,31.35,31.80,31.80,31.96,31.71,30.45,29.93,29.40,29.26,29.12,29.99,30.30,30.25,29.95,29.55,29.46,27.59
04/07/2019,27.78,27.29,26.82,,26.98,27.11,28.07,28.47,29.62,30.83,30.91,30.69,29.90,29.01,28.94,28.82,28.90,28.85,29.33,29.15,29.02,28.91,28.43,28.37,27.26
05/07/2019,26.19,25.84,25.46,,25.52,25.90,26.76,34.62,42.89,45.92,43.40,38.00,36.60,33.02,31.05,29.68,29.20,29.48,30.41,30.41,30.47,29.97,29.59,29.47,28.56
06/07/2019,29.50,28.54,28.64,,28.66,27.91,28.06,28.51,29.03,31.05,30.99,29.70,28.53,27.52,27.17,26.81,26.29,27.64,28.99,29.75,30.03,29.02,28.79,29.19,28.39
07/07/2019,28.21,25.98,25.03,,24.27,23.36,23.60,21.82,25.70,26.90,28.01,28.59,28.42,27.96,27.74,27.00,26.99,27.48,28.17,29.20,31.47,31.98,33.01,31.25,31.01
08/07/2019,30.21,29.44,29.16,,29.31,29.08,29.16,31.40,39.06,39.99,38.59,37.29,39.94,38.68,35.09,33.48,33.76,34.47,34.92,37.08,41.87,31.56,31.15,30.75,29.72
09/07/2019,30.55,29.51,29.25,,29.22,29.23,30.07,36.16,43.95,44.06,41.09,38.17,38.04,37.06,35.15,34.75,34.24,34.74,36.71,40.34,47.00,47.90,45.99,43.88,36.66
10/07/2019,32.88,32.46,32.07,,32.16,32.23,33.50,41.92,49.45,48.80,43.99,41.34,42.13,39.16,37.32,36.99,37.05,38.84,44.08,48.95,53.19,51.47,48.06,47.73,42.65
11/07/2019,36.52,35.99,35.12,,35.00,35.00,35.96,42.41,50.92,51.94,52.84,51.78,53.99,51.42,50.00,46.65,45.51,46.00,49.90,52.70,53.39,51.90,49.04,47.76,40.17
12/07/2019,38.94,37.89,37.43,,37.33,37.68,37.83,48.39,53.91,58.40,56.77,52.40,50.97,44.54,41.73,40.73,38.00,38.64,41.91,50.90,53.94,53.92,48.31,43.88,41.42
13/07/2019,41.05,38.38,36.87,,36.12,37.02,35.36,36.10,37.78,38.46,39.83,39.82,39.00,36.87,35.70,35.06,34.62,34.67,35.56,36.52,37.98,37.79,37.72,41.20,38.17
14/07/2019,35.85,35.04,34.05,,33.77,33.21,33.20,33.87,34.76,36.33,36.92,37.44,37.94,37.23,36.13,35.36,35.09,35.31,36.58,37.84,38.97,39.91,38.45,38.61,37.86
15/07/2019,37.68,36.58,36.45,,35.16,34.93,36.84,39.36,48.82,48.86,46.79,46.20,44.21,39.02,39.00,37.93,37.78,37.26,37.77,38.78,38.72,38.41,38.16,38.19,37.24
16/07/2019,36.82,36.27,34.93,,33.89,33.13,35.74,38.58,46.95,49.14,47.95,47.13,46.92,42.07,39.90,39.46,39.04,39.30,45.38,48.81,52.64,51.96,49.19,49.00,45.19
17/07/2019,40.02,38.87,38.12,,37.28,37.90,39.10,44.03,53.92,54.80,50.23,48.78,47.70,45.00,43.14,40.52,40.55,41.60,48.00,52.00,54.01,55.03,54.07,50.64,45.90
18/07/2019,40.47,39.00,37.82,,37.80,37.68,37.87,43.80,49.73,48.96,47.50,44.91,43.49,40.41,39.25,38.99,39.72,39.21,47.91,49.94,54.79,54.02,49.40,48.01,43.73
19/07/2019,37.86,37.06,37.00,,36.66,36.68,37.87,42.84,52.07,52.48,49.43,47.86,47.03,44.01,39.59,39.40,39.20,39.36,46.21,51.27,55.00,53.99,57.00,50.60,44.92
20/07/2019,41.21,38.08,36.81,,35.61,34.36,34.03,35.00,35.90,36.79,36.80,36.22,36.01,35.31,34.93,34.68,34.24,34.22,35.60,36.92,38.38,37.53,37.46,37.95,37.29
21/07/2019,35.35,33.47,33.03,,31.27,30.99,31.55,33.35,35.13,35.80,36.40,36.50,36.34,35.42,34.54,33.48,32.90,33.84,35.09,36.44,41.88,43.46,38.71,38.68,38.21
22/07/2019,37.47,35.11,34.23,,34.22,34.16,36.18,42.90,47.69,48.00,46.47,44.45,42.20,38.35,38.39,38.00,38.31,39.76,44.98,48.98,38.40,38.31,38.12,38.05,38.04
23/07/2019,37.96,37.58,36.98,,36.52,36.32,37.70,45.15,53.96,50.98,49.65,46.47,44.30,40.97,40.23,40.17,40.95,44.90,52.97,57.71,62.98,63.41,59.42,55.00,45.50
24/07/2019,42.25,39.65,38.48,,38.14,37.94,38.53,45.78,53.06,57.35,57.75,51.44,47.46,45.65,44.08,45.12,47.00,50.63,57.75,68.13,74.06,68.16,59.36,57.81,49.80
25/07/2019,45.62,42.05,39.58,,39.09,38.90,40.67,47.07,58.94,55.31,56.70,52.78,50.65,47.85,46.94,45.69,47.78,50.15,56.85,62.05,69.58,61.86,56.75,50.74,41.88
26/07/2019,38.65,37.73,37.19,,36.57,36.37,38.49,43.08,49.66,54.18,55.89,53.66,48.31,39.60,39.05,38.72,38.85,39.36,49.19,52.07,53.62,52.06,48.97,48.14,38.67
27/07/2019,39.01,37.59,37.01,,36.04,35.10,35.28,34.20,36.05,37.42,39.21,38.38,37.82,37.04,36.83,32.92,32.74,33.85,36.79,38.29,38.94,37.91,36.19,36.19,35.03
28/07/2019,30.98,30.02,28.20,,26.27,27.10,26.80,25.60,34.39,35.56,36.99,37.57,37.64,37.23,37.01,36.92,36.88,37.02,37.85,38.49,39.90,40.30,40.87,41.46,39.01
29/07/2019,36.96,35.18,33.73,,34.37,34.80,36.41,39.77,51.95,57.40,51.51,48.84,48.29,47.35,45.72,45.30,45.13,44.95,45.21,49.50,60.74,60.50,53.23,49.38,43.25
30/07/2019,38.80,38.35,38.16,,38.00,38.16,39.54,48.50,54.98,56.16,54.25,49.90,45.96,41.75,40.65,40.00,39.95,39.78,42.04,46.91,53.66,52.99,47.88,43.66,38.66
31/07/2019,37.98,37.54,35.98,,35.78,36.19,38.00,44.12,61.11,61.94,59.78,51.47,50.71,47.70,45.83,44.01,43.17,43.21,47.90,52.02,55.93,65.71,69.95,54.51,42.62
01/08/2019,39.00,37.98,37.44,,37.26,37.37,38.39,41.08,46.92,46.81,42.43,40.83,40.83,40.49,40.54,40.20,40.11,40.15,45.33,55.96,64.94,68.07,59.36,51.53,44.54
02/08/2019,40.00,38.89,38.20,,37.93,38.10,40.72,48.00,47.96,49.46,50.47,47.95,44.96,42.31,41.28,40.12,40.22,41.46,44.09,45.95,49.51,49.00,47.17,43.96,41.12
03/08/2019,38.96,38.16,38.05,,37.74,37.66,37.87,38.11,38.41,38.97,39.73,39.87,39.61,39.42,39.14,38.95,38.91,38.89,38.96,39.75,41.08,41.02,41.58,41.96,39.47
04/08/2019,38.93,38.04,37.45,,37.18,37.06,36.48,37.40,38.09,38.69,39.63,40.03,40.02,39.98,39.46,39.30,39.20,39.12,39.32,39.98,42.00,43.99,47.00,46.76,42.24
05/08/2019,39.05,36.89,36.55,,36.56,36.81,39.33,47.40,55.18,56.02,56.04,55.73,53.89,45.22,47.24,43.87,44.32,44.93,46.28,53.00,51.11,55.00,51.13,45.00,39.87
06/08/2019,38.79,37.83,36.91,,36.83,36.78,38.47,39.40,43.52,45.00,44.00,41.96,41.27,40.15,39.97,39.93,39.95,40.13,43.74,48.93,51.78,53.87,52.99,49.12,40.97
07/08/2019,38.26,36.28,35.76,,35.76,35.69,37.59,39.85,44.96,44.98,44.98,44.34,44.47,42.16,42.84,40.73,41.15,42.05,44.22,43.48,43.15,42.68,41.94,40.55,38.31
08/08/2019,36.50,35.38,35.04,,34.95,35.38,36.62,37.88,42.76,39.98,40.32,40.30,39.91,39.94,39.73,39.12,38.84,38.36,38.28,39.04,43.05,43.37,43.63,42.10,38.12
09/08/2019,36.23,35.00,33.97,,34.06,33.83,37.26,42.84,53.92,49.90,43.93,40.82,40.40,40.34,40.13,39.90,39.51,39.05,40.81,43.66,43.40,40.07,37.70,35.33,35.74
10/08/2019,34.87,34.67,33.92,,32.73,31.70,31.42,32.17,33.99,35.24,36.05,36.07,35.88,35.54,35.11,34.91,34.82,34.96,35.32,35.13,34.01,34.00,32.43,31.83,32.01
11/08/2019,28.84,21.14,14.55,,12.70,13.13,13.62,14.91,21.19,29.11,31.99,33.21,33.25,32.13,31.96,31.62,32.47,32.61,34.01,35.97,42.63,37.68,37.75,37.59,36.40
12/08/2019,34.32,30.04,28.38,,27.50,28.10,32.32,38.20,46.03,40.52,38.71,38.50,38.56,38.35,38.26,38.11,37.51,38.71,45.53,60.54,71.50,70.60,65.04,44.86,36.63
13/08/2019,34.97,34.01,33.07,,33.27,33.19,35.31,43.24,52.96,49.97,40.85,38.17,37.38,37.88,37.68,36.99,36.71,36.26,36.46,38.53,46.81,49.94,47.92,41.82,36.30
14/08/2019,32.72,30.45,28.43,,28.27,29.68,32.64,36.64,49.42,45.84,37.77,36.54,35.92,35.34,35.16,35.01,34.91,34.98,38.53,49.26,65.18,67.93,52.74,39.97,35.95
15/08/2019,33.01,31.45,29.34,,27.81,26.70,30.58,33.88,35.26,35.91,35.64,35.62,35.57,35.16,35.05,34.67,34.86,34.67,34.80,35.90,38.99,40.91,36.15,35.07,33.33
16/08/2019,31.11,29.53,28.79,,29.01,29.93,31.99,34.88,41.02,43.93,39.95,36.91,35.76,35.63,35.12,34.46,34.35,34.05,36.64,46.97,57.91,52.37,45.29,36.76,31.96
17/08/2019,32.22,27.39,23.54,,18.62,13.91,15.08,25.53,30.55,32.16,33.20,33.32,32.99,31.52,31.27,30.91,30.94,31.19,32.72,33.35,35.41,37.95,39.68,36.92,33.29
18/08/2019,31.80,28.61,28.73,,29.00,28.94,28.48,31.08,33.26,33.62,34.27,34.92,34.86,34.33,34.26,34.57,34.69,35.07,35.54,35.27,35.89,36.69,36.96,36.97,33.81
19/08/2019,29.59,27.45,26.86,,28.16,27.06,31.96,36.08,43.89,41.87,36.98,35.71,35.77,35.83,35.76,35.55,35.35,34.69,34.85,37.08,44.57,52.19,47.95,40.50,34.08
20/08/2019,31.38,29.74,29.58,,28.67,30.08,33.33,37.65,45.75,48.31,45.13,39.51,38.91,37.93,37.35,37.55,37.98,37.82,44.97,50.05,53.86,54.28,48.94,40.61,35.85
21/08/2019,33.07,33.11,32.01,,31.23,31.93,33.97,41.56,57.00,56.11,41.95,38.00,37.30,36.60,36.04,35.85,35.69,35.97,40.62,50.04,66.75,68.91,52.90,44.58,37.94
22/08/2019,33.26,32.35,30.94,,30.77,32.07,34.37,36.64,41.93,40.64,38.34,36.70,36.59,36.53,36.30,36.11,36.05,36.02,36.69,42.47,55.36,51.81,45.41,38.48,33.95
23/08/2019,31.02,30.17,30.07,,30.03,30.99,34.06,38.10,43.93,41.00,36.68,35.60,35.54,35.50,35.51,35.08,34.98,35.62,40.47,48.75,59.56,57.77,45.95,36.97,34.68
24/08/2019,34.07,31.92,30.86,,30.82,30.03,31.00,33.04,35.08,36.29,36.37,36.39,36.32,36.16,35.86,35.54,35.52,35.51,35.13,36.93,42.39,38.75,36.29,34.95,31.67
25/08/2019,31.37,29.98,29.65,,29.43,29.43,28.96,29.22,31.27,32.14,35.03,35.29,35.19,34.82,33.38,33.22,33.17,34.70,35.33,40.71,47.13,46.99,40.94,37.49,34.52
26/08/2019,33.67,32.95,32.06,,32.23,32.63,33.70,50.07,69.32,61.99,49.18,45.70,43.74,40.91,39.37,38.78,38.39,43.46,53.02,55.97,67.13,59.46,55.65,47.87,39.44
27/08/2019,38.33,35.26,34.91,,34.67,34.96,35.91,45.23,56.76,53.69,53.53,50.95,48.82,45.15,44.98,45.09,45.11,48.08,51.22,56.99,63.43,56.05,51.20,46.18,37.49
28/08/2019,38.08,35.55,34.92,,34.84,35.35,37.32,48.31,66.14,66.73,56.07,52.79,51.70,46.58,44.73,45.00,45.60,48.83,55.92,69.85,80.01,73.08,57.69,50.79,43.92
29/08/2019,39.54,35.64,34.50,,33.98,34.39,35.39,43.16,52.54,58.92,56.92,51.90,50.01,42.12,39.62,37.92,37.71,37.42,44.00,50.90,61.97,56.93,50.96,44.95,37.40
30/08/2019,34.33,33.10,33.55,,32.25,34.08,35.29,48.58,51.28,50.80,46.04,41.36,38.19,37.07,36.63,35.93,36.32,37.11,43.40,50.49,52.34,52.49,51.51,48.14,38.72
31/08/2019,37.39,32.66,30.64,,31.05,30.30,31.01,32.05,33.64,34.57,35.53,35.68,35.49,35.25,34.43,34.28,34.35,34.50,34.97,40.68,47.21,47.00,41.42,37.07,33.02
01/09/2019,28.75,27.36,26.47,,26.55,25.91,26.61,27.16,27.36,32.86,34.99,35.79,35.72,35.00,34.27,33.74,32.99,33.04,32.40,34.07,36.52,39.67,38.76,37.33,34.35
02/09/2019,30.00,26.97,25.96,,25.00,26.26,29.96,38.21,46.09,50.77,48.29,44.07,41.81,39.24,39.12,38.87,38.46,38.49,40.84,45.41,61.67,52.91,46.92,40.76,35.24
03/09/2019,34.40,34.22,33.58,,34.11,34.79,35.63,37.50,40.74,40.97,39.55,39.34,38.65,38.74,38.43,38.28,38.22,38.51,39.76,44.96,50.83,53.36,46.12,40.90,36.08
04/09/2019,34.12,33.45,31.91,,32.95,34.84,36.94,39.72,46.96,66.18,66.77,67.78,59.98,40.65,40.20,39.98,39.91,39.22,38.97,38.92,40.26,40.67,38.25,35.50,34.27
05/09/2019,28.00,25.96,25.30,,27.64,28.65,29.50,34.26,39.62,40.59,37.19,36.00,35.84,34.89,35.11,35.22,34.92,34.97,35.15,35.93,39.95,40.92,37.51,35.53,31.60
06/09/2019,26.28,25.64,24.36,,24.67,26.30,28.18,33.71,38.23,39.07,38.99,37.45,35.72,36.48,36.11,34.95,34.91,34.77,35.10,37.34,39.31,40.07,38.40,34.89,34.07
07/09/2019,32.80,30.00,29.44,,29.19,29.45,29.99,32.83,35.09,36.53,39.97,39.98,36.99,36.00,35.09,34.80,34.34,34.98,38.98,44.05,46.71,48.01,39.00,37.98,34.78
08/09/2019,34.46,33.41,32.88,,32.75,32.71,32.86,33.53,34.02,35.00,37.27,36.31,36.19,35.63,34.98,34.93,34.87,35.15,39.30,43.11,49.55,54.34,45.49,42.50,38.27
09/09/2019,38.33,34.09,33.09,,32.88,33.23,34.16,48.18,63.52,71.36,56.51,48.71,47.83,46.00,45.23,42.64,42.23,41.60,45.14,49.99,60.94,57.48,45.94,40.38,34.35
10/09/2019,33.01,32.45,31.09,,30.76,31.29,33.21,40.02,44.95,45.93,41.00,36.00,35.36,35.60,35.47,35.43,35.04,34.94,38.34,44.94,48.02,51.59,42.75,35.89,31.70
11/09/2019,31.25,30.23,28.62,,28.88,29.90,30.64,38.82,42.57,43.25,39.82,36.29,34.28,34.36,34.02,33.73,33.24,32.82,33.06,37.34,39.67,41.10,38.37,33.04,30.10
12/09/2019,27.88,27.21,27.53,,26.89,28.03,30.74,44.66,50.32,55.55,47.96,43.93,41.97,40.99,35.28,32.68,32.72,32.75,39.90,42.00,44.27,44.17,41.51,36.84,30.19
13/09/2019,30.05,28.31,27.11,,26.24,27.05,30.01,40.01,43.98,45.72,44.69,43.65,34.69,34.44,33.85,33.29,32.99,32.96,42.48,46.13,50.91,51.68,44.91,42.02,39.00
14/09/2019,27.92,27.25,26.70,,27.00,27.26,27.90,28.81,40.52,41.95,41.77,36.49,32.54,31.28,30.04,28.72,28.71,30.88,34.60,42.96,50.85,47.99,44.05,40.95,28.34
15/09/2019,27.46,24.31,18.96,,17.29,15.90,17.00,17.92,19.15,24.24,24.83,23.37,24.26,19.89,19.76,18.67,18.41,25.48,32.40,34.55,32.91,32.02,28.39,24.43,23.61
16/09/2019,15.03,6.56,6.60,,9.26,17.22,25.50,33.63,43.90,50.95,43.90,43.80,35.94,35.34,35.54,35.40,35.20,46.96,40.56,52.99,58.54,50.96,44.69,41.21,32.24
17/09/2019,31.68,31.63,30.17,,30.04,30.57,33.15,36.48,49.69,50.78,44.01,37.40,36.58,35.94,35.84,35.64,22.77,35.30,35.35,35.63,38.54,38.81,35.77,33.23,30.03
18/09/2019,30.27,29.59,29.40,,29.53,30.49,33.11,36.84,49.95,51.22,46.36,36.90,36.58,36.45,36.26,35.99,35.98,35.89,37.91,48.29,52.27,53.17,48.07,45.19,37.00
19/09/2019,33.34,31.15,30.78,,30.36,31.43,34.50,48.73,51.79,54.00,52.00,50.19,44.30,37.81,36.31,36.00,36.41,38.88,50.00,52.20,71.47,61.13,51.24,48.09,38.61
20/09/2019,37.37,36.06,35.04,,35.40,35.71,37.25,48.77,53.47,60.73,52.09,49.48,42.85,37.02,35.48,34.67,34.64,35.69,46.13,52.96,56.94,51.22,44.08,39.18,32.13
21/09/2019,33.07,30.01,29.45,,30.09,31.97,32.96,35.38,44.98,43.40,36.50,33.25,33.07,32.97,32.54,32.42,32.52,33.02,39.66,50.00,50.00,46.32,34.93,33.10,30.56
22/09/2019,30.38,29.38,29.16,,29.24,29.87,29.72,29.42,30.86,33.29,34.47,34.92,34.99,34.67,34.39,34.19,34.16,34.28,34.99,39.01,40.97,38.50,34.44,33.40,31.99
23/09/2019,27.66,27.20,27.38,,27.31,27.55,32.08,38.37,48.99,50.00,49.84,49.99,49.27,45.48,43.37,40.13,40.59,41.70,53.97,55.58,64.98,53.10,49.21,42.85,35.79
24/09/2019,36.35,35.44,35.24,,35.43,36.33,38.95,55.98,65.17,65.19,53.04,52.95,50.90,49.15,46.99,45.74,46.82,49.77,54.96,60.20,54.19,51.18,46.41,37.58,34.72
25/09/2019,35.16,33.99,33.81,,34.25,34.98,36.41,50.91,56.97,62.08,56.64,51.67,50.98,49.80,50.24,50.02,49.95,48.48,49.99,54.19,59.66,51.74,47.68,39.69,35.05
26/09/2019,34.18,32.92,31.94,,32.33,32.91,34.90,46.21,50.29,51.51,50.52,49.84,48.93,47.35,46.60,44.70,44.37,44.38,45.04,45.28,43.40,42.49,35.81,33.11,30.29
27/09/2019,31.01,30.36,29.78,,27.99,28.87,31.96,42.55,48.37,50.31,50.08,47.27,44.14,38.81,35.72,34.46,33.94,36.79,44.80,46.54,48.36,47.49,35.14,34.00,31.06
28/09/2019,31.55,31.22,29.85,,28.79,28.86,30.45,29.77,27.46,33.20,33.36,32.10,31.38,30.83,29.32,29.04,28.98,31.36,32.28,38.19,43.69,32.91,26.59,23.83,29.85
29/09/2019,0.04,1.19,12.79,,13.15,13.96,13.08,18.11,23.09,24.96,31.50,32.01,31.90,31.80,31.63,31.65,31.55,31.72,32.44,33.45,34.13,33.83,32.91,31.94,29.70
30/09/2019,28.76,27.32,26.83,,27.13,27.97,31.21,33.41,45.33,40.33,34.16,34.33,33.83,33.81,33.73,33.57,33.28,33.49,34.52,34.83,35.13,35.03,34.38,33.67,32.20
01/10/2019,32.08,31.26,30.04,,30.20,30.13,33.01,47.47,50.98,51.05,49.63,46.86,44.92,42.17,41.04,43.03,43.02,42.88,50.08,54.19,54.99,52.92,50.02,45.06,35.44
02/10/2019,32.49,31.00,30.94,,31.32,32.20,33.80,48.61,52.79,52.63,51.75,50.00,48.04,41.40,36.58,35.22,34.92,35.17,40.49,48.01,51.61,48.47,40.21,34.69,32.98
03/10/2019,33.35,32.29,30.06,,30.06,32.93,33.94,35.70,42.98,49.92,47.89,46.80,47.61,42.93,37.82,36.74,36.86,40.40,54.83,58.83,66.33,53.53,48.06,45.59,35.93
04/10/2019,37.49,34.96,34.18,,33.78,34.71,35.66,43.33,48.77,61.71,67.40,66.72,66.70,57.06,47.78,45.35,47.93,49.49,50.05,50.27,53.52,49.22,40.50,35.87,34.35
05/10/2019,34.85,34.32,33.21,,32.35,32.21,32.92,33.92,34.49,35.74,42.95,39.96,37.70,37.18,36.51,35.93,36.27,38.05,43.59,48.11,52.09,49.75,41.00,40.00,35.90
06/10/2019,35.35,34.64,34.03,,33.58,33.61,33.85,34.02,34.28,35.03,35.85,36.55,36.52,36.08,35.69,35.43,35.47,35.74,36.64,46.94,52.19,38.41,36.09,35.36,34.39
07/10/2019,33.39,33.28,33.22,,33.34,34.19,36.16,57.69,71.01,71.07,71.02,70.73,70.41,69.94,68.30,64.90,64.18,64.83,67.77,72.42,75.28,69.26,56.77,51.84,35.81
08/10/2019,35.68,34.91,34.35,,34.03,34.41,36.10,61.20,60.18,65.58,65.78,56.77,57.26,57.29,60.05,60.19,58.47,56.25,56.18,60.98,57.28,55.71,35.93,34.90,33.62
09/10/2019,34.17,34.07,33.87,,33.87,34.06,35.05,55.41,57.94,60.30,62.40,59.54,60.47,61.09,61.39,53.25,57.83,57.80,61.39,67.66,64.70,56.49,46.08,35.41,34.10
10/10/2019,33.49,33.14,32.98,,32.96,33.44,34.49,55.02,57.14,60.07,60.07,59.61,59.38,57.69,44.73,35.27,35.21,35.22,43.35,60.53,56.94,41.78,34.95,33.91,32.60
11/10/2019,32.05,28.89,24.23,,25.30,32.27,32.92,34.01,38.69,40.84,37.42,35.10,34.98,34.75,34.42,34.14,33.85,33.79,34.19,34.76,34.92,34.26,33.61,32.81,27.55
12/10/2019,0.47,0.03,-2.66,,0.09,5.80,10.79,32.90,33.25,33.78,34.60,35.24,34.97,34.48,34.10,33.68,33.62,33.91,35.74,42.07,44.65,40.13,34.57,33.61,32.58
13/10/2019,31.44,25.66,33.26,,33.29,33.41,33.83,33.80,34.31,35.07,35.80,36.33,36.32,36.27,35.90,35.82,35.80,35.98,36.94,37.36,37.40,35.92,27.60,16.51,4.02
14/10/2019,31.75,10.17,9.31,,15.17,16.00,25.42,35.27,39.02,50.24,49.60,48.34,48.00,45.25,43.00,39.50,43.23,55.98,60.06,70.91,70.92,53.04,44.19,36.60,34.62
15/10/2019,34.41,34.06,33.86,,33.84,34.13,35.18,40.61,52.64,55.21,54.80,51.76,50.62,47.90,46.64,44.58,45.38,47.96,54.41,58.56,67.73,55.29,45.97,38.52,34.06
16/10/2019,34.81,34.11,33.97,,33.98,34.43,35.44,44.60,59.55,63.46,61.86,59.56,58.07,56.61,54.32,52.02,51.17,44.84,51.80,56.99,49.95,45.01,37.07,35.44,33.12
17/10/2019,33.85,33.29,32.85,,32.80,33.59,34.60,40.50,52.13,55.76,55.36,53.24,52.36,49.90,46.49,46.45,46.12,55.79,58.98,65.15,63.96,54.41,45.59,39.34,35.58
18/10/2019,35.81,35.62,35.43,,35.47,35.71,36.35,38.20,52.30,65.14,57.50,62.00,41.94,38.31,37.93,37.54,36.65,36.64,37.61,39.51,38.25,35.82,35.04,34.56,33.61
19/10/2019,35.03,34.03,32.01,,31.18,31.31,31.27,26.89,29.70,33.76,35.14,36.00,36.53,35.20,34.78,34.60,34.62,35.68,38.48,44.08,47.90,39.17,35.08,35.05,33.18
20/10/2019,29.99,26.01,27.01,,26.90,26.51,26.30,27.03,29.94,34.57,36.37,37.47,38.32,37.90,36.43,36.33,36.39,36.92,40.38,48.75,51.06,47.10,39.62,38.07,36.02
21/10/2019,30.34,27.11,26.28,,25.79,25.70,26.39,39.24,53.21,53.72,56.09,51.56,51.56,45.57,44.14,45.21,47.71,50.03,54.11,59.45,66.51,52.20,49.02,43.00,37.24
22/10/2019,39.79,35.88,34.64,,31.84,33.69,36.20,46.99,56.43,61.30,60.00,55.49,52.72,46.35,43.67,43.99,43.66,46.24,51.93,60.00,65.47,52.95,46.34,41.16,36.50
23/10/2019,35.52,32.31,31.36,,30.09,30.39,34.92,40.70,52.40,59.77,57.12,54.11,51.23,44.48,42.55,41.94,43.26,47.00,50.67,53.49,55.23,45.91,39.16,37.34,34.45
24/10/2019,34.23,32.95,32.19,,32.13,32.92,34.47,37.97,48.98,54.11,54.11,51.08,46.93,43.94,40.11,38.41,37.69,38.07,39.90,43.55,42.10,36.85,35.65,34.57,31.06
25/10/2019,25.92,25.27,25.20,,24.42,25.20,28.30,35.98,47.90,51.52,46.68,44.49,39.76,35.65,36.07,34.78,35.33,36.92,43.83,48.11,48.16,38.03,33.21,30.35,25.51
26/10/2019,23.54,18.84,19.89,,15.78,8.55,15.84,14.62,24.61,29.36,33.28,34.15,34.53,34.46,34.52,34.59,34.73,35.71,37.02,37.97,37.37,35.77,35.05,33.96,26.81
27/10/2019,32.21,27.11,9.04,0.05,0.12,5.50,17.28,33.83,34.67,35.24,36.10,36.70,36.66,36.20,36.04,36.37,37.14,38.49,44.44,44.73,40.33,38.52,37.58,29.85,25.82
28/10/2019,26.40,35.36,35.50,,35.74,36.96,38.45,40.00,48.47,45.93,44.01,43.06,42.33,40.58,43.28,48.83,51.42,54.99,61.23,63.62,57.39,48.69,41.62,39.33,37.45
29/10/2019,37.02,36.60,35.83,,35.22,36.06,38.15,43.26,53.50,55.81,55.01,51.56,51.46,47.32,47.75,52.30,55.01,57.20,62.44,66.18,60.75,53.91,45.91,40.91,38.62
30/10/2019,38.44,37.60,37.34,,36.98,37.91,39.42,46.67,54.12,57.60,54.37,50.39,48.92,47.31,46.37,49.95,54.03,56.17,61.57,66.70,60.00,53.59,44.61,41.79,37.47
31/10/2019,36.20,34.98,33.94,,33.16,34.85,37.86,41.98,46.68,48.37,45.21,40.52,40.10,39.38,40.15,43.95,47.75,51.08,56.01,55.44,50.35,47.93,43.12,39.68,37.54
01/11/2019,36.51,34.88,34.51,,34.42,35.57,37.38,38.51,39.83,40.17,39.87,39.74,35.09,35.90,33.43,31.50,31.52,38.62,39.19,39.02,38.23,37.31,36.26,34.04,30.78
02/11/2019,31.50,30.07,28.01,,27.00,28.06,30.10,34.43,35.70,36.59,37.95,38.43,38.17,37.47,37.11,37.04,37.29,38.42,38.93,39.44,37.31,36.88,36.36,35.19,33.91
03/11/2019,34.52,32.91,30.43,,29.28,30.44,31.65,33.48,34.43,35.88,36.88,37.59,38.14,38.69,38.09,38.23,38.54,39.76,41.24,42.83,41.04,39.24,37.43,35.86,34.10
04/11/2019,34.76,34.56,34.60,,34.46,35.47,36.37,39.51,43.56,45.35,45.07,43.97,43.33,41.71,43.65,44.39,46.38,48.19,52.89,52.92,48.91,43.15,40.00,35.50,30.00
05/11/2019,26.50,25.64,25.97,,24.99,26.04,27.94,38.92,45.52,47.97,47.43,47.98,48.43,46.96,48.34,49.91,50.00,51.27,60.71,62.89,52.30,47.56,43.30,41.21,39.57
06/11/2019,40.40,39.99,39.97,,40.20,41.03,41.39,45.63,55.77,59.68,56.92,56.80,56.44,54.42,55.80,57.28,57.39,60.71,76.25,87.12,65.00,54.47,47.52,43.53,41.39
07/11/2019,41.97,41.14,40.68,,40.97,42.11,43.06,45.68,53.90,58.65,52.87,49.49,47.89,47.15,46.83,46.73,47.42,49.88,52.43,48.19,46.72,44.98,43.39,42.13,41.27
08/11/2019,39.91,39.40,39.20,,39.23,39.89,41.96,45.05,51.78,54.32,55.62,54.94,53.95,52.44,52.52,53.01,52.19,54.30,66.47,59.98,51.97,46.94,43.83,42.98,40.64
09/11/2019,41.91,40.50,39.78,,39.24,39.30,39.49,40.54,41.56,42.02,44.57,44.15,43.10,42.19,41.33,41.24,41.69,43.81,49.95,51.00,48.45,42.39,40.71,39.66,36.67
10/11/2019,38.49,37.47,36.93,,36.75,37.27,37.56,37.40,38.94,39.97,40.41,40.92,41.00,41.33,40.88,41.07,42.37,46.41,52.17,53.09,52.51,51.01,47.00,43.27,40.86
11/11/2019,40.19,39.84,39.72,,39.78,40.10,41.34,43.55,47.69,51.00,49.85,48.00,47.29,45.27,45.60,44.15,44.62,44.78,47.99,45.39,42.69,41.96,40.99,40.39,39.38
12/11/2019,36.95,36.60,36.31,,36.35,38.02,40.50,41.25,43.87,43.99,43.00,42.41,42.03,41.94,42.60,43.39,43.98,49.85,57.79,50.00,42.84,41.55,40.95,40.02,37.64
13/11/2019,34.84,34.83,35.01,,35.22,38.03,40.75,42.05,47.70,52.08,51.56,50.12,50.59,48.97,55.12,55.98,58.42,63.51,67.20,56.09,52.94,46.22,42.91,41.47,40.72
14/11/2019,37.60,37.85,36.51,,35.37,35.77,38.18,45.31,53.70,52.32,49.10,47.24,47.95,48.64,50.62,53.70,54.12,56.15,59.19,49.80,45.10,42.73,42.05,38.65,35.38
15/11/2019,38.75,37.03,36.64,,36.82,37.94,40.02,41.21,42.44,42.42,41.96,41.72,41.64,41.34,41.45,42.00,42.75,43.60,44.27,43.41,42.40,41.55,41.35,40.04,38.46
16/11/2019,36.98,37.07,36.53,,37.19,37.32,37.49,38.42,39.43,41.11,43.13,41.51,41.08,40.26,39.94,40.12,40.19,41.25,42.47,41.55,39.98,38.63,38.58,37.29,36.44
17/11/2019,29.06,30.96,31.59,,32.23,32.86,33.75,32.49,34.96,36.85,38.81,39.72,40.76,40.15,40.22,40.26,40.80,41.79,44.79,43.67,41.92,40.85,39.97,35.06,32.30
18/11/2019,37.93,27.83,26.31,,28.16,29.68,39.91,41.34,43.14,44.40,46.37,48.38,49.79,48.81,51.58,49.80,52.87,55.00,54.94,43.67,41.62,40.70,40.38,39.62,37.11
19/11/2019,35.90,34.85,34.31,,34.28,35.63,38.16,39.75,41.93,44.86,41.99,41.70,41.77,41.96,43.11,42.87,43.12,56.00,60.30,60.24,56.05,41.63,41.27,40.63,39.28
20/11/2019,38.77,38.96,38.75,,39.10,39.50,40.79,51.77,60.52,68.90,65.93,61.02,60.68,59.12,59.05,59.82,60.69,63.29,71.05,63.50,55.90,48.66,43.55,40.09,38.61
21/11/2019,38.45,37.59,36.97,,37.32,38.39,39.96,45.59,57.98,58.40,58.93,59.16,59.11,56.28,58.09,57.32,57.04,58.70,63.38,53.11,49.78,43.55,40.19,39.17,36.65
22/11/2019,34.45,33.89,34.20,,34.50,35.17,37.47,40.23,45.95,51.58,49.90,48.69,47.23,45.10,45.91,49.03,49.50,49.04,51.91,44.65,40.27,39.56,39.27,38.32,35.49
23/11/2019,34.36,34.04,33.44,,33.17,33.43,33.94,34.96,36.23,37.41,38.66,39.15,39.16,39.14,39.05,39.04,39.31,39.70,40.35,40.02,38.43,38.11,37.90,36.99,35.53
24/11/2019,14.57,19.22,13.28,,14.89,10.19,7.57,19.09,25.48,36.60,37.80,38.79,39.81,39.81,39.76,40.05,40.68,41.35,41.42,40.96,41.16,40.92,40.63,40.23,39.26
25/11/2019,38.19,36.30,36.02,,35.40,36.75,40.65,50.00,60.42,58.37,58.42,57.30,58.26,58.77,58.60,57.05,59.23,58.40,63.45,59.36,58.07,53.93,50.17,46.36,41.58
26/11/2019,39.07,38.43,36.20,,35.91,35.98,38.01,45.21,53.44,54.79,54.58,54.79,54.05,52.91,52.59,52.99,52.34,52.43,54.55,54.52,52.90,47.51,43.53,42.28,37.74
27/11/2019,36.20,36.31,35.72,,35.90,31.65,34.80,41.94,50.68,50.54,46.32,43.94,43.93,44.12,43.87,43.21,43.41,43.71,46.60,43.38,39.10,41.18,40.71,40.01,38.29
28/11/2019,37.90,36.43,35.99,,36.18,37.72,40.01,41.02,42.83,43.10,42.73,42.80,42.52,43.29,43.02,42.43,42.08,42.07,42.01,41.58,40.93,40.43,39.88,28.46,25.17
29/11/2019,23.95,21.27,11.79,,14.20,27.56,27.50,39.86,45.08,45.89,42.69,42.42,42.29,41.65,42.22,42.48,47.56,43.91,52.75,54.03,49.13,42.27,41.41,40.38,38.33
30/11/2019,35.65,35.54,35.22,,35.34,35.39,36.03,36.56,39.07,41.03,45.35,44.00,42.70,41.50,40.77,41.14,43.02,48.76,52.90,53.10,50.01,47.35,42.42,41.94,40.13
01/12/2019,38.55,37.07,36.26,,35.93,35.86,35.92,36.13,37.14,38.74,42.12,44.77,48.00,48.15,45.76,44.70,44.98,47.79,50.45,52.40,50.10,43.50,42.07,39.90,37.83
02/12/2019,36.03,36.21,35.40,,34.46,35.88,39.92,43.76,52.97,54.58,54.09,45.90,43.59,41.96,42.87,49.00,52.95,53.93,57.23,55.18,55.50,54.43,49.33,44.89,40.58
03/12/2019,40.19,39.74,39.50,,38.50,39.49,42.81,55.07,67.28,76.47,71.00,60.49,59.31,55.24,53.19,55.49,56.51,58.56,55.84,48.57,42.49,41.31,40.67,39.23,36.16
04/12/2019,35.00,35.00,34.62,,34.76,35.99,37.51,42.69,53.40,54.76,51.47,46.34,44.99,43.81,47.99,53.69,56.90,61.19,70.60,60.06,48.52,40.45,40.01,40.63,37.57
05/12/2019,32.91,31.43,30.38,,31.75,33.79,35.29,39.57,48.30,54.09,50.00,41.31,40.86,40.61,40.52,40.38,41.37,42.23,42.43,40.41,38.15,36.24,34.89,32.79,24.94
06/12/2019,25.18,25.03,18.77,,13.60,19.14,25.16,35.68,38.86,39.99,38.89,38.92,38.90,37.99,37.79,37.60,37.43,39.40,40.07,37.80,37.18,35.83,35.40,33.79,16.10
07/12/2019,14.55,4.16,0.06,,-2.68,-2.71,0.07,31.59,33.66,34.74,36.06,36.30,36.50,35.88,35.57,35.93,38.03,39.04,41.29,42.68,39.01,36.13,35.05,34.56,31.98
08/12/2019,25.65,22.85,22.25,,22.31,22.68,23.76,14.51,-2.75,-7.97,-5.40,2.44,7.33,5.56,1.15,-0.08,5.16,37.45,37.64,36.95,35.84,14.52,7.81,0.49,-6.82
09/12/2019,-11.10,-15.10,-16.09,,-14.99,-12.76,-5.85,36.37,38.57,39.99,39.77,39.58,39.73,39.91,39.93,39.97,39.58,40.17,40.68,39.22,37.95,36.94,36.24,25.31,14.08
10/12/2019,26.02,25.74,30.56,,31.45,31.51,38.38,43.24,53.10,56.38,54.93,51.00,49.90,47.34,46.99,46.87,46.55,45.41,48.88,39.92,38.81,37.70,36.90,29.78,23.83
11/12/2019,17.85,2.40,0.09,,0.34,20.57,25.92,35.68,37.92,40.95,41.90,44.15,47.21,49.64,51.82,51.29,51.79,52.86,60.23,56.36,53.46,47.22,44.70,37.63,37.17
12/12/2019,37.00,35.83,35.02,,34.65,35.18,36.98,49.00,57.64,61.60,60.10,54.00,49.69,49.00,47.01,47.19,48.88,47.76,52.13,47.05,40.36,37.70,36.91,36.01,34.61
13/12/2019,32.66,31.48,23.34,,11.27,16.25,25.05,36.35,37.95,42.94,39.71,38.91,38.51,38.63,38.55,38.08,38.64,43.96,49.66,45.59,38.51,38.64,36.51,35.21,33.96
14/12/2019,34.39,32.62,31.83,,31.05,31.13,31.77,32.59,33.31,34.19,35.26,35.30,35.06,35.48,35.49,35.54,36.02,36.35,36.65,35.77,34.93,33.92,15.64,18.15,4.39
15/12/2019,0.32,1.52,2.30,,3.90,2.20,15.70,26.94,30.57,31.68,33.44,34.28,34.92,34.88,34.81,34.71,35.83,36.71,36.91,36.26,35.63,34.29,29.10,32.80,29.83
16/12/2019,29.46,30.18,30.91,,29.49,29.19,36.84,38.87,50.01,44.43,42.00,41.20,40.83,41.10,41.27,41.41,46.21,48.80,51.68,50.71,46.18,42.17,40.10,37.86,36.22
17/12/2019,32.71,34.67,34.66,,34.93,36.06,37.11,37.94,44.17,49.50,42.35,40.15,39.17,38.88,39.05,39.60,42.52,42.57,42.83,38.79,37.96,37.21,37.32,36.93,35.50
18/12/2019,33.93,25.39,26.35,,26.04,28.39,30.19,37.61,40.63,47.45,41.19,40.63,40.18,39.88,39.80,46.70,46.75,50.39,54.19,51.00,46.30,43.85,38.73,36.33,33.78
19/12/2019,34.54,34.30,33.92,,34.37,35.27,36.39,37.10,40.00,42.95,39.62,38.04,37.69,37.57,37.67,38.01,38.72,39.49,40.31,39.91,37.96,36.93,35.95,34.14,30.40
20/12/2019,32.33,25.95,23.30,,31.94,33.80,35.99,36.68,37.56,38.13,38.05,37.94,37.94,37.77,37.59,37.49,37.42,37.46,37.45,37.48,37.00,36.16,35.78,34.38,32.69
21/12/2019,27.40,29.08,29.03,,30.83,31.67,31.26,33.01,33.93,34.69,35.90,36.00,36.32,36.23,36.16,36.78,37.43,39.39,42.20,37.76,36.92,35.90,35.66,35.11,34.20
22/12/2019,33.76,33.61,33.34,,33.18,33.08,32.61,33.26,33.77,35.02,36.22,37.15,37.60,37.54,37.08,37.33,37.65,38.44,40.00,38.28,37.40,35.96,35.44,34.83,33.79
23/12/2019,29.62,30.81,30.00,,30.16,33.61,35.80,36.16,36.63,37.33,37.56,37.40,37.30,37.13,37.04,37.09,37.51,37.97,39.21,40.93,37.96,36.93,36.36,35.64,33.91
24/12/2019,33.80,33.36,32.32,,27.09,13.27,14.60,30.01,35.24,36.39,37.00,36.63,37.00,37.11,37.18,37.13,37.51,38.27,40.00,37.41,36.04,35.41,35.54,35.49,34.55
25/12/2019,33.69,33.07,32.23,,32.02,32.94,34.50,34.67,34.85,35.71,36.02,35.52,35.69,36.29,36.19,36.14,36.44,37.19,37.37,37.35,36.33,34.85,34.63,34.29,32.75
26/12/2019,33.44,32.93,31.87,,31.56,32.01,33.87,34.39,35.32,35.87,36.34,36.19,36.59,36.67,36.68,37.30,38.53,39.75,42.55,42.64,40.92,37.24,36.78,36.45,34.75
27/12/2019,33.11,32.93,32.00,,32.19,33.14,35.58,36.12,37.58,38.55,40.00,40.00,40.17,40.15,40.41,42.05,45.13,46.53,49.38,44.88,43.99,39.52,36.67,35.75,34.49
28/12/2019,33.48,32.32,31.08,,30.82,30.53,30.46,31.60,32.99,34.61,36.82,35.61,35.05,34.70,34.61,34.94,35.83,37.73,37.48,36.26,35.55,34.97,35.14,33.60,31.32
29/12/2019,30.60,28.10,26.92,,22.85,20.97,21.31,22.72,25.10,27.52,30.04,30.60,30.93,32.03,30.61,30.80,32.86,33.74,33.99,33.35,32.54,30.79,30.02,25.56,20.86
30/12/2019,11.07,11.84,6.16,,1.40,4.81,16.43,26.90,30.38,32.04,31.90,29.06,29.55,30.30,30.61,31.63,33.52,34.40,34.60,34.43,31.58,30.68,29.67,28.96,24.33
31/12/2019,23.04,21.59,12.84,,4.97,9.81,18.37,23.50,27.17,30.82,32.28,31.45,31.95,33.14,33.38,33.74,34.33,35.01,35.98,35.48,33.85,33.54,33.17,33.04,30.83
